{"name":"fb153a17-f9b4-4db6-b9d8-b12bb9a7cd0d","id":"/providers/Microsoft.Flow/flows/fb153a17-f9b4-4db6-b9d8-b12bb9a7cd0d","type":"Microsoft.Flow/flows","properties":{"apiId":"/providers/Microsoft.PowerApps/apis/shared_logicflows","displayName":"收到表单后调用Automation自动创建Teams用户","definition":{"metadata":{"workflowEntityId":null,"creator":{"id":"f3b94dd3-20cc-49a3-98ce-b1287658e8cf","type":"User","tenantId":"72f988bf-86f1-41af-91ab-2d7cd011db47"},"provisioningMethod":"FromDefinition","failureAlertSubscription":true,"clientLastModifiedTime":"2018-12-23T13:20:44.3430216Z"},"$schema":"https://schema.management.azure.com/providers/Microsoft.Logic/schemas/2016-06-01/workflowdefinition.json#","contentVersion":"1.0.0.0","parameters":{"$connections":{"defaultValue":{},"type":"Object"},"$authentication":{"defaultValue":{},"type":"SecureObject"}},"triggers":{"When_a_new_response_is_submitted":{"metadata":{"flowSystemMetadata":{"swaggerOperationId":"CreateFormWebhook"}},"type":"ApiConnectionWebhook","inputs":{"host":{"connection":{"name":"@parameters('$connections')['shared_microsoftforms']['connectionId']"},"api":{"runtimeUrl":"https://firstrelease-001.azure-apim.net/apim/microsoftforms"}},"body":{"eventType":"responseAdded","notificationUrl":"@{listCallbackUrl()}","source":"ms-connector"},"path":"/formapi/api/forms/@{encodeURIComponent('v4j5cvGGr0GRqy180BHbR9NNufPMIKNJmM6xKHZY6M9UMTMyOVM1WjZYWElWS0g2TlRPVTFLWFBOTi4u')}/webhooks","authentication":"@parameters('$authentication')"}}},"actions":{"Apply_to_each":{"foreach":"@triggerBody()?['value']","actions":{"Get_response_details":{"runAfter":{},"metadata":{"flowSystemMetadata":{"swaggerOperationId":"GetFormResponseById"}},"type":"ApiConnection","inputs":{"host":{"connection":{"name":"@parameters('$connections')['shared_microsoftforms']['connectionId']"},"api":{"runtimeUrl":"https://firstrelease-001.azure-apim.net/apim/microsoftforms"}},"method":"get","path":"/formapi/api/forms('@{encodeURIComponent('v4j5cvGGr0GRqy180BHbR9NNufPMIKNJmM6xKHZY6M9UMTMyOVM1WjZYWElWS0g2TlRPVTFLWFBOTi4u')}')/responses","queries":{"response_id":"@items('Apply_to_each')?['resourceData']?['responseId']"},"authentication":"@parameters('$authentication')"}},"HTTP":{"runAfter":{"Get_response_details":["Succeeded"]},"type":"Http","inputs":{"method":"POST","uri":"https://s4events.azure-automation.net/webhooks?token=KDJkdaiFvYkNGs35z%2fP5Wdes3f1OldbPNh%2bnbmLE%2bCY%3d","body":{"username":"@{body('Get_response_details')?['r2c0c533a7a59405ea92af9f0fcfa7260']}","email":"@{body('Get_response_details')?['raddf468e9594475cb38556d571f8a229']}","teamid":"0dc008eb-28de-4900-ad86-1020c3f7f4b1"}}}},"runAfter":{},"type":"Foreach"}},"outputs":{}},"connectionReferences":{"shared_microsoftforms":{"connectionName":"shared-microsoftform-50a2471b-0122-4340-ad67-70c89fe5d28e","source":"Embedded","id":"/providers/Microsoft.PowerApps/apis/shared_microsoftforms","tier":"NotSpecified"}},"flowFailureAlertSubscribed":false}}